species,sepal length (cm),sepal width (cm),petal length (cm),petal width (cm)
setosa,5.006,3.428,1.462,0.24600000000000002
versicolor,5.936,2.77,4.26,1.3259999999999998
virginica,6.587999999999999,2.9739999999999998,5.5520000000000005,2.026
